jaugust, Jack, August, W107A, 42316, |CP Biology - W 417|CP Biology - W 417| | | | | | 
cbailey4, Carl, Bailey, W428A, 42513, |CP Chemistry - W 90|CP Chemistry - W 90|CP Chemistry - W 90|CP Chemistry - W 90| | |AP Biology - W 427|AP Biology - W 427
dbaranek, Dawn, Baranek, W413A, 42539, | |Anatomy/Physiology - W 102|Anatomy/Physiology - W 102|Anatomy/Physiology - W 102| |MAL Science 1 / MAL Science 2 - W 102| | 
*mbarrett2, Michael, Barrett, W429D, 42420, |Coordinator -  | |Intervention -  |CP Biology - W 417|CP Biology - W 417|Coordinator -  | | 
vbolton, Vinnie, Bolton, W107A, 42540, |CP Phys Sci - W 421|CP Phys Sci - W 421| | |CP Biology - W 415| |CP Biology - W 415|CP Biology - W 415
jboyce, Jeff, Boyce, W419A, 42541, |Enviro 1 / Enviro 2 - W 419|Enviro 1 / Enviro 2 - W 419|AP Env. - W 419|AP Env. - W 419| | |Astronomy / Astronomy - W 419| 
jboyd12, Jennifer, Boyd, W432A, 42169, |Phys Sci H - W 432|Phys Sci H - W 432|Phys Sci H - W 432| | |CP Chemistry - W 90| | 
cbroznak3, Catie, Broznak, W418A, 42428, |Biology - W 529|Biology � - W 529| | |CP Phys Sci - W 423| |Biology ELA - W 529|CP Phys Sci - W 423
jcomerford, James, Comerford, W413A, 42237, |STEM Coord. -  | |CP Biology - W 415| |Bio H - W 430|Bio H - W 430|Bio H - W 430| 
bdaly, Brian, Daly, W90A, 42434, |CP Biology - W 413|CP Biology - W 413| |CP Chemistry - W 92| |CP Chemistry - W 92|CP Chemistry - W 92| 
sdawkins5, Scott, Dawkins, W413A, 42436, |CP Biology - W 415|CP Biology - W 415|Anat/Phys - W 104|Anat/Phys - W 104| |CP Biology - W 415| | 
tdonahue, TJ, Donahue, W103A, 42466, | | |Chem H - W 105|Chem H - W 105| | |Chem H - W 105|Chem H - W 105
jdufford, Taylor, Dufford, W428A, 42373, |Intervention (S1) -  |AP Biology - W 427|AP Biology - W 427|AP Biology - W 427| | | | 
edusto, Ethan, Dusto, W107A, 42371, |AP Chem - W 107|AP Chem - W 107| | | |AP Chem - W 94|CP Biochem / CP Biochem - W 94|Research -  
cflynn8, Conley, Flynn, W418A, 42158, |CP Phys Sci - W 423|CP Phys Sci - W 423|CP Phys Sci - W 423|CP Phys Sci - W 423| | | |CP Chemistry - W 90
cgarcia7, Christine, Garcia, W432A, 42182, |CP Chemistry - W 92|CP Chemistry - W 92| |Phys Sci H - W 432|Phys Sci H - W 432| |MAL Science 1 / MAL Science 2 - W 423| 
jgilbert9, Jeremy, Gilbert, W103A, 42502, |Chem H - W 105|Chem H - W 105| | |Chem H - W 105|Chem H - W 105|CP Chemistry - W 90| 
bhanson5, Benjamin, Hanson, W527A, 42387, |Phys Sci Team - W 531|Phys Sci ELA - W 531|Phys Sci - W 531| | |CP Horticulture / CP Horticulture - W 419|Phys Sci ELA - W 531|CP Horticulture - W 419
kharrison11, Keith, Harrison, W70A, 42405, |Phys Sci H - W 71|Phys Sci H - W 71| | | |CP Phys/Eng. - W 527|CP Eng/Phys - W 527|Research -  
khorrell, Kevin, Horrell, W428A, 42472, | | |CP Chemistry - W 94|CP Chemistry - W 94| |Phys Sci H - W 432|Phys Sci H - W 432|Phys Sci H - W 432
skern, Stefan, Kern, W70A, 42477, |AP Physics - W 70|AP Physics - W 70|AP Physics - W 70| | |CP Physics - W 70|CP Physics - W 70| 
klownsberry, Kelly, Lownsberry, W90A, 42091, |CP Chemistry - W 94|CP Chemistry - W 94| | | |CP Biology - W 417|CP Biology - W 417|CP Biology - W 417
wmernitz, Whitney, Mernitz, W70A, 42092, |Physics H - W 73|Physics H - W 73|CP Physics - W 71| | |CP Physics - W 71|CP Physics - W 71| 
dneel, Dustin, Neel, W432A, 42324, | | |Biology - W 529| |Biology Team - W 529|CP Phys Sci - W 104|CP Phys Sci - W 104|CP Phys Sci - W 104
coakley2, Clyde, Oakley, W527A, 42181, |Phys/Eng. H - W 527|Eng./Phys  H - W 527|Phys/Eng. H - W 527|Eng./Phys  H - W 527| | | | 
jolsen5, Jessica, Olsen, W70A, 42549, | | |Physics H - W 73|Physics H - W 73| |Physics H - W 73| | 
ssmith42, Steve, Smith, W429F, 42274, |Bio H - W 430|Bio H - W 430|Bio H - W 430|Bio H - W 430| | | |Research -  
lsutton, Lauren, Sutton, W418A, 42542, |CP Phys Sci - W 104|CP Phys Sci - W 104|CP Chemistry - W 92| |CP Phys Sci - W 104| | | 
lvinzant, Leigh, Vinzant, W413A, 42170, | | |CP Biology - W 413| |CP Biology - W 413|CP Biology - W 413|CP Marine Biology / CP Marine Biology - W 413|CP Marine Biology / CP Marine Biology - W 413
kwanberg, Kaitlin, Wanberg, W428A, 42421, | | | | |CP Phys Sci - W 102| |CP Phys Sci - W 102|CP Phys Sci - W 102
rplatt, Rae Lyn, Young, W90A, 42468, | | |CP Chemistry / Physics - W 107|CP Chemistry / Physics - W 107| |CP Chemistry - W 107|CP Chemistry - W 107|CP Chemistry - W 107
